{
  "status_quo_eqwtd": 385.8201754385965,
  "lp_eqwtd": 546.5142857142857,
  "mip_eqwtd": 541.6,
  "de_eqwtd": 522.2891235607746,
  "value_of_analytics_pct": 41.65000186758346,
  "lp_alloc": [
    [
      1.0,
      1.0,
      0.286,
      1.0
    ],
    [
      1.0,
      1.0,
      0.0,
      1.0
    ],
    [
      0.0,
      0.0,
      0.0,
      1.0
    ],
    [
      1.0,
      1.0,
      0.0,
      1.0
    ],
    [
      0.0,
      0.0,
      0.0,
      0.0
    ],
    [
      0.0,
      1.0,
      0.0,
      1.0
    ]
  ],
  "mip_alloc": [
    [
      1,
      1,
      1,
      1
    ],
    [
      1,
      1,
      0,
      1
    ],
    [
      0,
      0,
      0,
      1
    ],
    [
      0,
      1,
      0,
      1
    ],
    [
      0,
      0,
      0,
      0
    ],
    [
      0,
      1,
      0,
      1
    ]
  ],
  "frontier": [
    [
      0.0,
      389.0,
      541.8
    ],
    [
      0.1,
      389.0,
      541.8
    ],
    [
      0.2,
      389.0,
      541.8
    ],
    [
      0.30000000000000004,
      389.0,
      541.8
    ],
    [
      0.4,
      389.0,
      541.8
    ],
    [
      0.5,
      389.0,
      541.8
    ],
    [
      0.6000000000000001,
      389.0,
      541.8
    ],
    [
      0.7000000000000001,
      389.0,
      541.8
    ],
    [
      0.8,
      389.0,
      541.8
    ],
    [
      0.9,
      386.25,
      541.125
    ],
    [
      1.0,
      376.0,
      541.3
    ]
  ]
}